<?xml version="1.0" encoding="UTF-8"?>
<!DOCTYPE beans PUBLIC "-//SPRING//DTD BEAN//EN" "http://www.springframework.org/dtd/spring-beans.dtd">

<beans>

	<!-- Configuration of Adapter -->
	
	<bean id="adapter"
		class="net.sf.jbatchengine.batch.adapter.database.DatabaseAdapter">
		<property name="sqlMapClientTemplate">
			<ref bean="sqlMapClientTemplate" />
		</property>
	</bean>

	<!-- Configuration of DatabaseAdapter -->

	<bean id="propertyConfigurer"
		class="org.springframework.beans.factory.config.PropertyPlaceholderConfigurer">
		<property name="location"
			value="classpath:databaseAdapter.properties" />
	</bean>

	<bean id="dataSource"
		class="org.apache.commons.dbcp.BasicDataSource">
		<property name="driverClassName" value="${driverClassName}" />
		<property name="url" value="${url}" />
		<property name="username" value="${username}" />
		<property name="password" value="${password}" />
	</bean>

	<bean id="sqlMapClient"
		class="org.springframework.orm.ibatis.SqlMapClientFactoryBean">
		<property name="configLocation">
			<value>classpath:sqlMapConfig.xml</value>
		</property>
		<property name="useTransactionAwareDataSource">
			<value>true</value>
		</property>
		<property name="dataSource">
			<ref bean="dataSource" />
		</property>
	</bean>

	<bean id="sqlMapClientTemplate"
		class="org.springframework.orm.ibatis.SqlMapClientTemplate">
		<property name="sqlMapClient">
			<ref bean="sqlMapClient" />
		</property>
	</bean>
</beans>