<?xml version="1.0" encoding="UTF-8" ?>
<!DOCTYPE log4j:configuration SYSTEM "log4j.dtd">

<log4j:configuration xmlns:log4j='http://jakarta.apache.org/log4j/'>
	<appender name="console" class="org.apache.log4j.ConsoleAppender">
		<layout class="org.apache.log4j.PatternLayout">
			<param name="ConversionPattern" value="%-5p [%-9t] %m%n" />
		</layout>
	</appender>

	<logger name="net.sf.jbatchengine">
		<level value="INFO" />
	</logger>

	<logger name="net.sf.jbatchengine.batch.adapter.test">
		<level value="DEBUG" />
	</logger>

	<root>
		<priority value="ERROR" />
		<appender-ref ref="console" />
	</root>

</log4j:configuration>
